Rk,Player,Pos,Age,Tm,G,GS,MP,FG,FGA,FG%,3P,3PA,3P%,2P,2PA,2P%,eFG%,FT,FTA,FT%,ORB,DRB,TRB,AST,STL,BLK,TOV,PF,PTS
1,Precious Achiuwa,C,25,NYK,8,0,4.3,0.8,1.8,0.429,0,0.1,0,0.8,1.6,0.462,0.429,0.3,0.5,0.5,0.4,0.8,1.1,0,0.1,0,0.1,0.3,1.8
2,Steven Adams,C,31,HOU,7,0,22.1,1.7,2.9,0.6,0,0,,1.7,2.9,0.6,0.6,2.3,4.3,0.533,3.3,3.3,6.6,0.6,0.4,1.1,0.7,1,5.7
3,Bam Adebayo,C,27,MIA,4,4,38.3,7,16,0.438,1.8,5.3,0.333,5.3,10.8,0.488,0.492,1.8,2.8,0.636,4,7,11,4.3,1,0.3,3,2.3,17.5
4,Santi Aldama,PF,24,MEM,4,1,30.5,5.3,11,0.477,2.5,6,0.417,2.8,5,0.55,0.591,0,0,,0.5,5.5,6,1.8,0,0.3,1.3,1.8,13
5,Nickeil Alexander-Walker,SG,26,MIN,15,0,20.7,2.9,7.5,0.389,1.5,4.2,0.349,1.5,3.3,0.44,0.487,1,1.1,0.882,0.5,1.3,1.8,2.3,0.4,0.3,1.5,1.6,8.3
6,Jarrett Allen,C,26,CLE,9,9,29,4.9,6.8,0.721,0,0,,4.9,6.8,0.721,0.721,3.7,3.9,0.943,2.3,6.1,8.4,1.3,1.4,0.9,1.9,1.7,13.4
7,Kyle Anderson,SF,31,MIA,2,0,7,0,1,0,0,0,,0,1,0,0,0,0,,0,0.5,0.5,0.5,0,0,0.5,0.5,0
8,Giannis Antetokounmpo,PF,30,MIL,5,5,37.6,12,19.8,0.606,0.2,1,0.2,11.8,18.8,0.628,0.611,8.8,12.6,0.698,3.8,11.6,15.4,6.6,1,1,4.6,2.4,33
9,Cole Anthony,PG,24,ORL,5,0,10.2,0.8,2.8,0.286,0,1.2,0,0.8,1.6,0.5,0.286,0.6,0.8,0.75,0.6,0.8,1.4,1.2,0,0.2,1.8,2.4,2.2
10,OG Anunoby,PF,27,NYK,18,18,39.2,5.7,13.7,0.417,2.3,6.7,0.339,3.4,7,0.492,0.5,2.6,3.2,0.81,1.3,3.3,4.6,1.3,2,1.2,1.7,2.7,16.3
11,Marvin Bagley III,PF,25,MEM,2,0,14,4,4.5,0.889,0.5,0.5,1,3.5,4,0.875,0.944,0,0,,1,2,3,0,1,0.5,1.5,1.5,8.5
12,Paolo Banchero,PF,22,ORL,5,5,39.4,10.8,24.8,0.435,2.4,5.4,0.444,8.4,19.4,0.433,0.484,5.4,8.2,0.659,2.4,6,8.4,4.2,0.6,0.8,3,3.6,29.4
13,Desmond Bane,SG,26,MEM,4,4,34.8,5,15.8,0.317,1.8,8,0.219,3.3,7.8,0.419,0.373,3.5,3.8,0.933,1.3,5.5,6.8,3.3,0.8,0.5,3.8,2.3,15.3
14,Nicolas Batum,PF,36,LAC,7,0,24.6,1.9,4.7,0.394,1.9,4.7,0.394,0,0,,0.591,0,0,,0.6,3.3,3.9,2,0.9,1.7,0.4,1.9,5.6
15,Malik Beasley,SG,28,DET,6,0,27.2,4.7,12.5,0.373,3.3,9.8,0.339,1.3,2.7,0.5,0.507,1.3,1.3,1,0.2,2.3,2.5,1.2,0.5,0.2,1.2,1.7,14
16,Goga Bitadze,C,25,ORL,3,0,3.7,0.3,0.3,1,0,0,,0.3,0.3,1,1,0,0,,0,1,1,0.3,0,0.3,0,2,0.7
17,Anthony Black,PG,21,ORL,5,0,17.8,3,7.4,0.405,0.4,2.6,0.154,2.6,4.8,0.542,0.432,1.8,2.6,0.692,2,2.4,4.4,0,0.8,0.2,0.4,1.6,8.2
18,Bogdan Bogdanović,SG,32,LAC,7,0,16.7,2.3,6.3,0.364,1,3.4,0.292,1.3,2.9,0.45,0.443,0.9,1,0.857,0.7,2.1,2.9,2.1,0.4,0,1.6,3.6,6.4
19,Tony Bradley,C,27,IND,11,0,7.1,0.4,0.8,0.444,0,0.1,0,0.4,0.7,0.5,0.444,0.8,1.1,0.75,1,0.9,1.9,0.3,0,0.1,0.4,0.9,1.5
20,Christian Braun,SG,23,DEN,14,14,38.9,4.8,10.6,0.453,1.5,5,0.3,3.3,5.6,0.59,0.524,1.6,2.2,0.71,1.8,4.6,6.4,2.4,1.2,0.7,1,3.4,12.6
21,Mikal Bridges,SF,28,NYK,18,18,39.2,6.7,14.6,0.456,1.6,4.7,0.333,5.1,9.9,0.514,0.51,0.7,0.9,0.75,1.1,3.4,4.5,2.9,1.7,0.9,2.1,2.2,15.6
22,Dillon Brooks,SF,29,HOU,7,7,29.4,4,9,0.444,1.4,4.1,0.345,2.6,4.9,0.529,0.524,2.9,3.4,0.833,1.3,1.9,3.1,1.3,0.7,0.3,1.3,3.9,12.3
23,Jaylen Brown,SF,28,BOS,11,11,36.5,7.8,17.7,0.441,1.9,5.7,0.333,5.9,12,0.492,0.495,4.5,6,0.758,1.2,5.9,7.1,3.9,1,0.3,3.5,3.2,22.1
24,Kobe Brown,PF,25,LAC,3,0,5,2.3,2.7,0.875,0.3,0.3,1,2,2.3,0.857,0.938,0.3,0.3,1,0,0.3,0.3,1.3,0,0,0,0,5.3
25,Jalen Brunson,PG,28,NYK,18,18,37.8,10.1,21.8,0.461,2.7,7.4,0.358,7.4,14.4,0.514,0.522,6.7,7.8,0.851,0.7,2.8,3.4,7,0.4,0.3,3.1,3.3,29.4
26,Thomas Bryant,C,27,IND,20,0,8.4,0.8,1.7,0.485,0.5,0.9,0.5,0.4,0.8,0.467,0.621,0.6,0.7,0.786,0.4,1,1.4,0.2,0.2,0.3,0.4,1.3,2.6
27,Alec Burks,SG,33,MIA,1,1,15,2,3,0.667,2,3,0.667,0,0,,1,0,0,,0,2,2,2,0,0,0,0,6
28,Jimmy Butler,SF,35,GSW,11,11,36.1,6.2,13.8,0.447,1,3.3,0.306,5.2,10.5,0.491,0.484,5.8,7.3,0.8,2.4,4.3,6.6,5.2,1.3,0.3,1.2,1.7,19.2
29,Kentavious Caldwell-Pope,SG,31,ORL,5,5,32.6,1.6,6,0.267,1.2,4.6,0.261,0.4,1.4,0.286,0.367,0.6,0.8,0.75,0.2,2.8,3,1.8,1.4,0.6,0.4,2.2,5
30,Vlatko Čančar,PF,27,DEN,3,0,3.7,0,0,,0,0,,0,0,,,0,0,,0,0.7,0.7,0,0,0,0.7,0,0
31,Wendell Carter Jr.,C,25,ORL,5,5,32.4,4.2,8,0.525,0.6,2.2,0.273,3.6,5.8,0.621,0.563,1.2,2,0.6,3.8,7,10.8,1.2,0.4,0.4,1.6,2.4,10.2
32,Alex Caruso,SG,30,OKC,23,0,24.4,3.1,7,0.45,1.6,3.9,0.411,1.5,3,0.5,0.566,1.3,1.7,0.795,0.7,2,2.7,2.2,2,0.6,0.8,2.7,9.2
33,Cam Christie,SG,19,LAC,3,0,4.3,0.7,1,0.667,0.3,0.7,0.5,0.3,0.3,1,0.833,0,0,,0,0.7,0.7,0,0.3,0,0.3,0,1.7
34,Jaylen Clark,SG,23,MIN,5,0,5.6,0.8,1,0.8,0,0.2,0,0.8,0.8,1,0.8,0.6,0.8,0.75,0.4,1,1.4,0.2,0.4,0,0.2,0.4,2.2
35,Mike Conley,PG,37,MIN,15,15,23.7,1.9,6.4,0.302,1.3,4,0.333,0.6,2.4,0.25,0.406,0.8,0.9,0.923,0.8,2.1,2.9,3.3,0.6,0.2,0.8,1.4,6
36,Pat Connaughton,SG,32,MIL,3,0,4.7,0.7,2.7,0.25,0.3,1.3,0.25,0.3,1.3,0.25,0.313,0.3,0.7,0.5,0,0.7,0.7,0.3,0,0,0.3,0.3,2
37,Torrey Craig,SF,34,BOS,5,0,4.2,0.4,0.8,0.5,0.4,0.6,0.667,0,0.2,0,0.75,0,0,,0.4,0.6,1,0.6,0.2,0,0.2,0.4,1.2
38,Cade Cunningham,PG,23,DET,6,6,41.3,9.2,21.5,0.426,0.8,4.7,0.179,8.3,16.8,0.495,0.446,5.8,7,0.833,1,7.3,8.3,8.7,1.8,1.3,5.3,3.3,25
39,Stephen Curry,PG,36,GSW,8,8,35.1,7.8,16.3,0.477,4,10,0.4,3.8,6.3,0.6,0.6,3.1,3.5,0.893,0.3,5,5.3,5.1,1,0.8,3.4,1.6,22.6
40,Tristan Da Silva,SF,23,ORL,2,0,2.5,0,0.5,0,0,0.5,0,0,0,,0,0,0,,0,2,2,0.5,0,0,1,0,0
41,Pacôme Dadiet,SG,19,NYK,2,0,2,0.5,0.5,1,0,0,,0.5,0.5,1,1,0,0,,0,0,0,0,0,0,0,0,1
42,JD Davison,PG,22,BOS,4,0,3.3,0.3,2,0.125,0.3,0.5,0.5,0,1.5,0,0.188,0.3,0.5,0.5,0.3,0.5,0.8,0.8,0,0,0.3,0,1
43,Ousmane Dieng,C,21,OKC,9,0,3.6,0.4,1.1,0.4,0.4,0.8,0.571,0,0.3,0,0.6,0.2,0.2,1,0,0.4,0.4,0.3,0,0.1,0,0,1.6
44,Rob Dillingham,PG,20,MIN,3,0,5.3,1,2.7,0.375,0.3,0.7,0.5,0.7,2,0.333,0.438,0.3,0.7,0.5,0,0.7,0.7,2.3,0,0,0,0.3,2.7
45,Donte DiVincenzo,SG,28,MIN,15,0,25.1,3.1,8.4,0.365,1.9,5.9,0.318,1.2,2.5,0.474,0.476,0.7,0.9,0.769,0.8,2.3,3.1,3.3,1.4,0.3,1.9,3,8.7
46,Luka Dončić,PG,25,LAL,5,5,41.6,9.4,20.8,0.452,3.2,9.2,0.348,6.2,11.6,0.534,0.529,8.2,9.2,0.891,0.4,6.6,7,5.8,1,0.6,4,3.2,30.2
47,Luguentz Dort,SF,25,OKC,23,23,29,2.6,7.1,0.366,2.1,6.1,0.343,0.5,1,0.5,0.512,0.6,1,0.636,1.4,2.5,3.9,0.9,1.3,0.4,0.9,3.3,7.9
48,Kris Dunn,PG,30,LAC,7,6,21.9,2.4,6.3,0.386,1.4,4,0.357,1,2.3,0.438,0.5,0,0,,1.4,2,3.4,1.3,1.1,0.6,0.1,2.6,6.3
49,Jalen Duren,C,21,DET,6,6,33.8,4.3,6.7,0.65,0,0,,4.3,6.7,0.65,0.65,3.2,3.8,0.826,4.3,6.3,10.7,3.5,0.3,1.7,1.7,4.3,11.8
50,Tari Eason,PF,23,HOU,7,0,18.9,3,6.3,0.477,1,2.7,0.368,2,3.6,0.56,0.557,0.6,1.1,0.5,1,3.3,4.3,0.7,1.1,1,1.4,1.9,7.6
51,Zach Edey,C,22,MEM,4,4,27,2.5,3.8,0.667,0,0,,2.5,3.8,0.667,0.667,1.3,1.8,0.714,2.8,5,7.8,1.8,0,2.5,1.5,3,6.3
52,Anthony Edwards,SG,23,MIN,15,15,39,9,19.9,0.453,3.1,8.7,0.354,5.9,11.2,0.53,0.53,4.3,5.9,0.719,1.2,6.6,7.8,5.5,1.1,0.7,2.6,2.1,25.3
53,Drew Eubanks,C,27,LAC,3,0,4.3,0,0.7,0,0,0,,0,0.7,0,0,1.3,2,0.667,0,0.3,0.3,0,0,0,0,0.7,1.3
54,Dorian Finney-Smith,PF,31,LAL,5,1,34,2.4,5.8,0.414,1.4,3.8,0.368,1,2,0.5,0.534,0,0,,2,2.2,4.2,2.6,0.2,0.4,1,3.4,6.2
55,Johnny Furphy,SG,20,IND,11,0,3.2,0.1,0.4,0.25,0,0.2,0,0.1,0.2,0.5,0.25,0,0.1,0,0.1,0.5,0.5,0.1,0,0.1,0.1,0.5,0.2
56,Darius Garland,PG,25,CLE,5,5,29.6,5.8,13.8,0.42,2,7,0.286,3.8,6.8,0.559,0.493,4.4,4.8,0.917,0.2,2,2.2,5.2,0.4,0,3,3.4,18
57,Luka Garza,C,26,MIN,5,0,3.8,1.2,1.2,1,0.2,0.2,1,1,1,1,1.083,0,0,,0.6,0,0.6,0,0,0,0,0.2,2.6
58,Shai Gilgeous-Alexander,PG,26,OKC,23,23,37,10.1,21.9,0.462,1.4,4.9,0.283,8.7,17,0.514,0.494,8.3,9.4,0.876,1,4.3,5.3,6.5,1.7,0.9,2.6,2.8,29.9
59,Rudy Gobert,C,32,MIN,15,15,27.4,3.1,5.3,0.582,0,0,,3.1,5.3,0.582,0.582,1.7,3.3,0.52,3.1,5.5,8.6,0.7,0.5,1.2,0.9,2.5,7.9
60,Jordan Goodwin,PG,26,LAL,4,0,7.8,0.3,1.3,0.2,0,0.5,0,0.3,0.8,0.333,0.2,0.3,0.5,0.5,0.5,0.8,1.3,0.5,0.3,0.3,0.3,1.8,0.8
61,Aaron Gordon,PF,29,DEN,14,14,37.3,5.8,11.9,0.485,1.6,4.1,0.379,4.2,7.8,0.541,0.551,3.1,3.6,0.86,3.6,4,7.6,2.7,0.6,0.4,1.9,2.4,16.2
62,A.J. Green,SG,25,MIL,5,1,27,3.6,7.8,0.462,3.6,7,0.514,0,0.8,0,0.692,0.2,0.4,0.5,0.4,2.4,2.8,2,0,0.2,0,2.6,11
63,Draymond Green,PF,34,GSW,12,12,32.4,3.5,9,0.389,1.3,5,0.267,2.2,4,0.542,0.463,0.8,1.1,0.692,0.8,4.8,5.5,3.8,1.4,0.9,3,3.7,9.1
64,Jalen Green,SG,22,HOU,7,7,31.3,4.6,12.3,0.372,1.9,6.3,0.295,2.7,6,0.452,0.448,2.3,3.4,0.667,0.4,5,5.4,2.9,0.6,0.3,1.4,0.9,13.3
65,Javonte Green,SG,31,CLE,6,0,6.5,0.7,1.7,0.4,0.2,0.8,0.2,0.5,0.8,0.6,0.45,1,1,1,0.2,1.3,1.5,0.3,0.7,0,0.3,0.3,2.5
66,Jeff Green,PF,38,HOU,3,0,1.7,0.3,1,0.333,0.3,0.3,1,0,0.7,0,0.5,0,0,,0.3,0,0.3,0,0,0,0,0,1
67,Rui Hachimura,PF,26,LAL,5,5,36.4,5.6,11.4,0.491,3,6.2,0.484,2.6,5.2,0.5,0.623,0.6,0.6,1,0.8,3.8,4.6,1,0.6,0.6,1.4,2.4,14.8
68,Tyrese Haliburton,PG,24,IND,23,23,33.6,6.3,13.7,0.463,2.3,6.9,0.34,4,6.8,0.59,0.549,2.3,2.8,0.828,0.3,5,5.3,8.6,1.3,0.7,2.3,1.7,17.3
69,Tim Hardaway Jr.,SG,32,DET,6,6,31.3,4,11.8,0.338,2.7,8.7,0.308,1.3,3.2,0.421,0.451,1.3,1.7,0.8,0.3,2.5,2.8,1.2,0.3,0,1.5,1.7,12
70,James Harden,PG,35,LAC,7,7,39.4,6.3,14.4,0.436,2.3,6.3,0.364,4,8.1,0.491,0.515,3.9,4.7,0.818,0.6,4.9,5.4,9.1,1.3,1,3,2.3,18.7
71,Gary Harris,SG,30,ORL,5,0,16.6,0.6,1.6,0.375,0.2,1.2,0.167,0.4,0.4,1,0.438,0,0,,0.2,0.8,1,0.6,0.6,0.2,0,1.4,1.4
72,Tobias Harris,PF,32,DET,6,6,38.8,5.7,11.8,0.479,1.7,3.8,0.435,4,8,0.5,0.549,2.7,2.7,1,1.3,6.3,7.7,0.5,1,1.2,1,2.7,15.7
73,Josh Hart,SG,29,NYK,18,14,35.7,3.8,8,0.472,1.1,3,0.37,2.7,5,0.533,0.542,2.9,3.7,0.776,2.4,6.3,8.8,4.4,1.1,0.6,1.9,3.4,11.6
74,Isaiah Hartenstein,C,26,OKC,23,20,22.4,3.6,5.8,0.619,0,0,,3.6,5.8,0.619,0.619,0.9,1.3,0.667,2.7,4.8,7.5,2.2,0.8,0.5,1.2,2.5,8.1
75,Sam Hauser,PF,27,BOS,8,0,13.5,1.3,3,0.417,0.9,2.6,0.333,0.4,0.4,1,0.563,0.1,0.1,1,0,1.5,1.5,0.5,0.1,0.1,0.4,1.4,3.5
76,Jaxson Hayes,C,24,LAL,4,4,7.8,0.8,2,0.375,0,0,,0.8,2,0.375,0.375,0.3,0.5,0.5,1.3,0.8,2,0.3,0,0.3,0.3,2,1.8
77,Tyler Herro,SG,25,MIA,4,4,36,6.8,16.3,0.415,2.3,7.3,0.31,4.5,9,0.5,0.485,2,2.5,0.8,0,3.5,3.5,2.8,0.5,0,2.3,3,17.8
78,Buddy Hield,SG,32,GSW,12,9,27.3,4.3,10.4,0.416,2.8,6.4,0.429,1.6,4,0.396,0.548,1.1,1.2,0.929,1.5,2,3.5,1.8,1.2,0.4,1.1,2,12.5
79,Haywood Highsmith,SF,28,MIA,4,0,21,2.8,4.8,0.579,1.8,3.8,0.467,1,1,1,0.763,0,0,,1,2.3,3.3,1,0.8,0.5,1,2.8,7.3
80,Aaron Holiday,PG,28,HOU,3,0,9,1.3,3.3,0.4,0.7,1.7,0.4,0.7,1.7,0.4,0.5,0.7,1.3,0.5,0.3,0.3,0.7,1,0,0,0.3,1,4
81,Jrue Holiday,PG,34,BOS,8,8,33,3.6,7.5,0.483,1.1,3.3,0.346,2.5,4.3,0.588,0.558,1.1,1.6,0.692,1.5,2.6,4.1,4,0.9,0.1,2,3.1,9.5
82,Ron Holland,SF,19,DET,5,0,6.8,0,1,0,0,0.6,0,0,0.4,0,0,1.8,2,0.9,0.6,0.6,1.2,0,0,0.2,1.2,1,1.8
83,Chet Holmgren,C,22,OKC,23,23,29.8,5.3,11.6,0.462,1.2,4,0.297,4.2,7.6,0.549,0.513,3.3,4.2,0.784,1.8,6.8,8.7,1,0.7,1.9,1.2,2,15.2
84,Al Horford,C,38,BOS,11,9,31.6,3.1,6.5,0.472,1.3,3.2,0.4,1.8,3.4,0.541,0.569,0.5,0.6,0.857,1.6,4.4,6,1.8,0.6,1.3,0.6,2.7,8
85,Caleb Houstan,SF,22,ORL,5,0,9.4,0.4,2.8,0.143,0.4,2,0.2,0,0.8,0,0.214,0,0,,0.4,0.4,0.8,0.2,0,0.2,0.4,0.6,1.2
86,Jett Howard,SF,21,ORL,1,0,4,2,2,1,2,2,1,0,0,,1.5,0,0,,0,0,0,0,0,0,0,1,6
87,Jay Huff,C,26,MEM,2,0,9,1,2,0.5,0,0.5,0,1,1.5,0.667,0.5,2,2,1,0.5,1,1.5,0.5,0,1.5,0.5,0.5,4
88,Ariel Hukporti,C,22,NYK,3,0,1.7,0.7,0.7,1,0,0,,0.7,0.7,1,1,0,0.7,0,0,0.7,0.7,0,0,0,0,0,1.3
89,De'Andre Hunter,SF,27,CLE,8,0,23.1,3.4,7.9,0.429,1.5,3.3,0.462,1.9,4.6,0.405,0.524,2.8,3.3,0.846,0.8,2.9,3.6,1,0.5,0.1,0.9,2.1,11
90,Jonathan Isaac,PF,27,ORL,5,0,13.8,1.4,2.4,0.583,0.2,0.8,0.25,1.2,1.6,0.75,0.625,0.6,1,0.6,1,1,2,0.4,0.4,0.2,0.4,0.6,3.6
91,Andre Jackson Jr.,SG,23,MIL,2,0,2.5,0,0.5,0,0,0.5,0,0,0,,0,0,0,,0,0,0,0,0,0,0,0,0
92,Jaren Jackson Jr.,C,25,MEM,4,4,34.3,5.5,14.5,0.379,0.8,2.8,0.273,4.8,11.8,0.404,0.405,4.3,5,0.85,2.3,2.8,5,1.5,1,0.5,2.8,3.5,16
93,Trayce Jackson-Davis,C,24,GSW,9,3,8.9,1.8,2,0.889,0,0,,1.8,2,0.889,0.889,0.6,1.4,0.385,1,1.3,2.3,0.2,0.3,0.2,0.1,1.7,4.1
94,Bronny James,SG,20,LAL,2,0,2,0,1,0,0,1,0,0,0,,0,0,0,,0,0,0,0,0,0,0,0,0
95,LeBron James,SF,40,LAL,5,5,40.8,8.6,17.6,0.489,2,5.6,0.357,6.6,12,0.55,0.545,6.2,8,0.775,2.4,6.6,9,5.6,2,1.8,2.6,1.6,25.4
96,Jaime Jaquez Jr.,SF,23,MIA,3,0,6.3,0.3,2,0.167,0,0.7,0,0.3,1.3,0.25,0.167,0.7,0.7,1,1,0.3,1.3,0.3,0,0,0.3,0.3,1.3
97,Ty Jerome,SG,27,CLE,9,1,21.2,4.1,10.2,0.402,1.6,4,0.389,2.6,6.2,0.411,0.478,1.9,2.2,0.85,0.6,1.9,2.4,3.6,0.6,0.1,1.2,1.8,11.7
98,Isaiah Joe,SG,25,OKC,21,0,10,1.7,3.5,0.493,1.1,2.7,0.411,0.6,0.8,0.765,0.651,0.6,0.7,0.857,0.3,1,1.4,0.7,0.3,0.1,0.3,0.6,5.1
99,James Johnson,PF,37,IND,5,0,3.6,0.6,1,0.6,0,0.2,0,0.6,0.8,0.75,0.6,0.2,0.4,0.5,0,0.2,0.2,0.4,0.4,0.4,0.2,0.6,1.4
100,Keshad Johnson,SF,23,MIA,2,0,4,0.5,0.5,1,0,0,,0.5,0.5,1,1,0,0,,0.5,0,0.5,0,0,0,0.5,0.5,1
101,Nikola Jokić,C,29,DEN,14,14,40.2,9.4,19.1,0.489,1.9,5.1,0.38,7.4,14.1,0.528,0.539,5.6,7.2,0.772,2.1,10.6,12.7,8,2,0.9,3.9,3.4,26.2
102,Derrick Jones Jr.,SF,27,LAC,7,1,18.4,3,6.9,0.438,0.9,2.9,0.3,2.1,4,0.536,0.5,0.4,1.1,0.375,0.7,1.1,1.9,0.3,0.6,1.3,0.4,0.4,7.3
103,Dillon Jones,SF,23,OKC,10,0,4.6,0.9,1.1,0.818,0.3,0.4,0.75,0.6,0.7,0.857,0.955,0.2,0.2,1,0.3,0.6,0.9,0.5,0.1,0.1,0.6,0.4,2.3
104,DeAndre Jordan,C,36,DEN,7,0,5.1,0.4,0.4,1,0,0,,0.4,0.4,1,1,0,0.6,0,0.1,1.1,1.3,0.3,0,0.1,0.3,1.3,0.9
105,Cory Joseph,PG,33,ORL,5,5,24.8,2,4.8,0.417,1,3.2,0.313,1,1.6,0.625,0.521,0,0,,0.2,1.6,1.8,3,1,0.4,0.4,2,5
106,Nikola Jović,PF,21,MIA,4,0,18.8,3.3,8.8,0.371,1.5,6,0.25,1.8,2.8,0.636,0.457,1.5,1.5,1,1,3,4,1.5,0.8,0.3,1.3,0.5,9.5
107,Luke Kennard,SG,28,MEM,4,0,20,2,4.5,0.444,0.5,2.3,0.222,1.5,2.3,0.667,0.5,0,0,,0.5,3,3.5,2,1,0.3,1.5,0.8,4.5
108,Braxton Key,SF,27,GSW,5,0,4.6,0.2,1.6,0.125,0,0.2,0,0.2,1.4,0.143,0.125,0,0,,1,0.8,1.8,0.2,0.4,0.4,0.6,0.8,0.4
109,Maxi Kleber,PF,33,LAL,1,0,5,0,1,0,0,1,0,0,0,,0,2,2,1,0,0,0,0,0,0,1,1,2
110,Dalton Knecht,SF,23,LAL,2,0,2,1,2.5,0.4,0.5,2,0.25,0.5,0.5,1,0.5,0,0,,1,0.5,1.5,0,0,0,0,0,2.5
111,Kevin Knox,SF,25,GSW,5,0,7.6,1.6,4,0.4,0.2,1.2,0.167,1.4,2.8,0.5,0.425,0.8,1,0.8,0.6,0.8,1.4,0.8,0,0.2,0.4,0.4,4.2
112,Tyler Kolek,PG,23,NYK,3,0,2,0.3,0.3,1,0.3,0.3,1,0,0,,1.5,0,0,,0,0.3,0.3,1,0,0,0,0,1
113,John Konchar,SG,28,MEM,4,0,17.3,0.8,2.3,0.333,0.3,1.5,0.167,0.5,0.8,0.667,0.389,1,1,1,0.8,2.5,3.3,1.5,0.5,0.5,0.5,2,2.8
114,Luke Kornet,C,29,BOS,11,1,16.4,1.9,2.6,0.724,0,0,,1.9,2.6,0.724,0.724,0.7,0.7,1,1.5,2.5,3.9,0.5,0.5,1.2,0.5,1.8,4.5
115,Jonathan Kuminga,PF,22,GSW,8,1,23.4,5.6,11.6,0.484,1.3,3.1,0.4,4.4,8.5,0.515,0.538,2.8,3.9,0.71,0.9,1.6,2.5,1.3,0.5,0.5,1.6,1.6,15.3
116,Kyle Kuzma,PF,29,MIL,5,4,20.4,2.4,7,0.343,0.4,2,0.2,2,5,0.4,0.371,0.6,1.2,0.5,0.6,1.6,2.2,0.8,0,0.2,0.6,2.4,5.8
117,Jock Landale,C,29,HOU,1,0,5,1,2,0.5,0,0,,1,2,0.5,0.5,0,0,,0,0,0,0,0,0,0,0,2
118,Pelle Larsson,SG,23,MIA,4,0,13,2,3.8,0.533,0.8,2,0.375,1.3,1.8,0.714,0.633,0.3,0.8,0.333,0.5,1.8,2.3,1,0.3,0,0.5,1.5,5
119,Alex Len,C,31,LAL,2,0,2,0,0.5,0,0,0,,0,0.5,0,0,0,0,,1.5,0.5,2,0,0,0,0,0,0
120,Kawhi Leonard,SF,33,LAC,7,7,37.9,9.4,17.6,0.537,2.1,5.3,0.405,7.3,12.3,0.593,0.598,4,5.1,0.778,1.6,6,7.6,4.7,1.1,0.7,2.1,1.7,25
121,Damian Lillard,PG,34,MIL,3,3,25,2,9,0.222,1,5.3,0.188,1,3.7,0.273,0.278,2,2.3,0.857,0.3,2.3,2.7,4.7,0.7,0.7,1,2.7,7
122,Chris Livingston,SF,21,MIL,2,0,2.5,0,0.5,0,0,0.5,0,0,0,,0,0,0,,0,0.5,0.5,0,0,0,0,0,0
123,Kevon Looney,C,28,GSW,12,0,10,0.8,1.9,0.435,0,0,,0.8,1.9,0.435,0.435,0.5,0.7,0.75,1.4,2.2,3.6,0.3,0.4,0.3,0.2,2.3,2.2
124,Brook Lopez,C,36,MIL,5,4,14.8,1.6,4.4,0.364,0.8,3,0.267,0.8,1.4,0.571,0.455,1,1,1,0.6,1,1.6,0.8,0.2,1,0.8,2.2,5
125,Bennedict Mathurin,SF,22,IND,22,0,17.5,3.1,6.7,0.459,0.8,2.7,0.3,2.3,4,0.568,0.52,4,4.7,0.864,1.2,2.1,3.3,0.9,0.4,0.3,1.2,1.9,11
126,Miles McBride,SG,24,NYK,18,0,18.9,1.9,5,0.378,1.2,3.3,0.373,0.7,1.7,0.387,0.5,0.8,0.9,0.824,0.2,1,1.2,1,0.4,0.1,0.6,1.2,5.8
127,T.J. McConnell,PG,32,IND,23,0,17.5,4.1,7.6,0.537,0.3,0.8,0.421,3.7,6.8,0.551,0.56,1,1.2,0.815,0.5,2.7,3.3,4,0.9,0.1,1.9,1.1,9.5
128,Jaden McDaniels,PF,24,MIN,15,15,33.1,5.8,11.3,0.515,1.4,3.7,0.382,4.4,7.6,0.579,0.577,1.7,1.9,0.893,1.8,3.8,5.6,1.5,1.3,0.9,1.2,3.3,14.7
129,Sam Merrill,SG,28,CLE,8,3,19.9,1.9,5,0.375,1.8,4.9,0.359,0.1,0.1,1,0.55,0.3,0.4,0.667,0.9,1.6,2.5,1.8,0.5,0.3,0.3,2.3,5.8
130,Jordan Miller,SF,25,LAC,3,0,4.3,1,2.3,0.429,0,0.3,0,1,2,0.5,0.429,0.3,0.7,0.5,0,0.7,0.7,1.3,1,0,0,0,2.3
131,Leonard Miller,SF,21,MIN,3,0,4.3,2,2.7,0.75,0.3,0.3,1,1.7,2.3,0.714,0.813,0,0,,1,0.7,1.7,0,0,0,0.3,0,4.3
132,Patty Mills,PG,36,LAC,1,0,4,1,2,0.5,1,1,1,0,1,0,0.75,0,0,,0,0,0,0,0,0,1,1,3
133,Shake Milton,SG,28,LAL,2,0,2,0,0.5,0,0,0,,0,0.5,0,0,0,0,,0,0,0,0,0,0,0,0.5,0
134,Josh Minott,SF,22,MIN,5,0,4.6,0.4,1.6,0.25,0.2,1.2,0.167,0.2,0.4,0.5,0.313,0,0,,0,0,0,0.4,0,0.2,0.4,0.2,1
135,Ajay Mitchell,SG,22,OKC,12,0,7,1.3,2.9,0.457,0.4,1.1,0.385,0.9,1.8,0.5,0.529,0.3,0.4,0.8,0.3,0.5,0.8,0.8,0.2,0,0.5,0.6,3.4
136,Davion Mitchell,PG,26,MIA,4,3,35.5,6.3,10.3,0.61,1.8,3.5,0.5,4.5,6.8,0.667,0.695,0.8,1.8,0.429,0.5,1.8,2.3,6.3,0.8,0.3,2,2.8,15
137,Donovan Mitchell,SG,28,CLE,9,9,32,9.6,21.6,0.443,3.1,9.3,0.333,6.4,12.2,0.527,0.515,7.3,9.9,0.742,1.2,3.4,4.7,3.9,1.9,0.3,1.9,2,29.6
138,Evan Mobley,PF,23,CLE,8,8,32.1,6.4,10.9,0.586,1.8,3.9,0.452,4.6,7,0.661,0.667,2.6,3.1,0.84,2.6,5.5,8.1,1.6,1.1,1,1.4,1.3,17.1
139,Moses Moody,SG,22,GSW,12,2,16.1,2.3,6.7,0.35,1.3,3.8,0.333,1.1,2.9,0.371,0.444,1.2,1.4,0.824,0.8,1.4,2.2,1.2,0.5,0.3,0.3,1.3,7.1
140,Ja Morant,PG,25,MEM,3,3,27.3,7.3,17.7,0.415,1.3,5.3,0.25,6,12.3,0.486,0.453,2.3,3.7,0.636,0.3,1.7,2,5,0.7,0.7,2,1,18.3
141,Jamal Murray,PG,27,DEN,14,14,41.3,7.9,17.9,0.444,2.4,6.9,0.354,5.5,11,0.5,0.512,3.5,4,0.875,0.6,4.2,4.9,5.2,1.2,0.8,3.1,2.2,21.8
142,Andrew Nembhard,SG,25,IND,23,23,33.4,4.6,9.7,0.471,1.7,3.7,0.465,2.8,6,0.474,0.561,1.6,2,0.804,0.6,2.6,3.2,4.7,1.5,0.2,1.8,2.7,12.5
143,Aaron Nesmith,SF,25,IND,23,23,28.3,4.3,9.2,0.472,2.6,5.3,0.492,1.7,3.9,0.444,0.613,1.3,1.6,0.861,1.2,4.5,5.7,1.1,0.9,0.8,1,4.1,12.7
144,Zeke Nnaji,PF,24,DEN,6,0,5.7,0.2,1.3,0.125,0.2,1,0.167,0,0.3,0,0.188,0.7,1.2,0.571,0.5,0.7,1.2,0.3,0.2,0.3,0.3,1,1.2
145,Chuma Okeke,PF,26,CLE,3,0,4.3,0.3,1.3,0.25,0.3,1.3,0.25,0,0,,0.375,0,0,,0,0,0,0.3,0.3,0,0,0,1
146,Isaac Okoro,SG,24,CLE,9,0,14.2,1.7,3.3,0.5,0.7,1.8,0.375,1,1.6,0.643,0.6,0.6,0.9,0.625,0.4,0.8,1.2,0.6,0.7,0.1,0.4,1.4,4.6
147,Cameron Payne,PG,30,NYK,14,0,7.3,0.9,2.6,0.324,0.4,1.5,0.238,0.5,1.1,0.438,0.392,0.1,0.2,0.333,0,0.6,0.6,0.6,0.4,0.1,0.5,1.6,2.1
148,Gary Payton II,SG,32,GSW,11,1,16.4,1.9,4.3,0.447,0.8,2.1,0.391,1.1,2.2,0.5,0.543,0,0,,0.9,1.3,2.2,1.5,0.9,0,0.5,1.9,4.6
149,Jalen Pickett,SG,25,DEN,8,0,7.1,0.6,1.9,0.333,0.4,1.1,0.333,0.3,0.8,0.333,0.433,0,0,,0,0.9,0.9,0.6,0,0.1,0.8,0.4,1.6
150,Scotty Pippen Jr.,PG,24,MEM,4,4,32.3,5.5,14.5,0.379,2.5,7,0.357,3,7.5,0.4,0.466,4.8,4.8,1,1,4.5,5.5,3.5,1,0.3,3.5,4.8,18.3
151,Brandin Podziemski,SG,21,GSW,12,11,32.1,4,11,0.364,1.8,5.6,0.328,2.2,5.4,0.4,0.447,1.4,2,0.708,1.3,3.7,5,3.1,1.3,0.2,1.5,1.5,11.3
152,Craig Porter Jr.,PG,24,CLE,6,0,5.8,1,2,0.5,0,0.5,0,1,1.5,0.667,0.5,0,0,,0.5,0.5,1,1.5,0.5,0.3,0.3,0.3,2
153,Kevin Porter Jr.,SG,24,MIL,5,1,30.2,3.8,9.6,0.396,1.4,3,0.467,2.4,6.6,0.364,0.469,2.2,2.6,0.846,0.6,3,3.6,5.4,0.8,0,1.8,2.4,11.2
154,Michael Porter Jr.,SF,26,DEN,14,14,31.1,3.4,8.6,0.392,1.7,5,0.343,1.6,3.6,0.46,0.492,0.7,1,0.714,1,4.5,5.5,0.6,0.6,0.4,0.9,1.9,9.1
155,Bobby Portis,PF,29,MIL,5,1,31.6,6,13.6,0.441,2,5.6,0.357,4,8,0.5,0.515,0,0.2,0,1.6,6.6,8.2,1.4,0.4,0.4,1.2,1.6,14
156,Kristaps Porziņģis,C,29,BOS,11,7,21,2.3,7.2,0.316,0.4,2.4,0.154,1.9,4.8,0.396,0.342,2.8,4.1,0.689,1.9,2.7,4.6,0.7,0.9,0.8,0.9,2.4,7.7
157,Quinten Post,PF,24,GSW,12,2,12.2,1.3,4,0.333,0.8,2.7,0.313,0.5,1.3,0.375,0.438,0.3,0.3,0.75,0.5,1.8,2.3,1,0.3,0.3,0.5,1.7,3.8
158,Norman Powell,SG,31,LAC,7,7,34,6,12.7,0.472,2,5.7,0.35,4,7,0.571,0.551,2,2.6,0.778,0.1,2.3,2.4,2.4,1.1,0.3,1.7,2.1,16
159,Taurean Prince,SF,30,MIL,5,2,12.2,0.4,2,0.2,0.4,1.8,0.222,0,0.2,0,0.3,0,0,,0,1,1,1.6,0.4,0.2,1,0.6,1.2
160,Payton Pritchard,PG,27,BOS,11,0,27.5,4.1,9,0.455,2.5,6.1,0.403,1.6,2.9,0.563,0.591,1.3,1.5,0.824,0.8,1.5,2.3,1.5,0.5,0,0.8,1.7,11.9
161,Neemias Queta,C,25,BOS,4,0,3.3,1.3,1.5,0.833,0,0,,1.3,1.5,0.833,0.833,0,0,,0.5,0,0.5,0.5,0.3,0,0,0.5,2.5
162,Julius Randle,PF,30,MIN,15,15,35.5,7.7,15.3,0.502,2,5.2,0.385,5.7,10.1,0.563,0.568,4.4,5,0.88,1.8,4.1,5.9,4.9,0.8,0.1,3.3,3,21.7
163,Austin Reaves,SG,26,LAL,5,5,39.2,6,14.6,0.411,3,9.4,0.319,3,5.2,0.577,0.514,1.2,1.4,0.857,0.8,4.6,5.4,3.6,0.2,0.6,2.8,3.6,16.2
164,Paul Reed,C,25,DET,5,0,10.6,1,1.6,0.625,0,0,,1,1.6,0.625,0.625,0.8,1.2,0.667,1.4,1.6,3,0.2,1,0.6,1,1.6,2.8
165,Naz Reid,C,25,MIN,15,0,25,3.7,7.3,0.509,1.7,4.2,0.397,2.1,3.1,0.66,0.623,1.3,1.7,0.76,1.1,3.7,4.7,1.7,0.7,0.9,1.9,2.9,10.4
166,Duncan Robinson,SF,30,MIA,4,0,14.8,1.3,3.5,0.357,1,3,0.333,0.3,0.5,0.5,0.5,0.8,1,0.75,0,1,1,0.3,0,0,1.5,1.5,4.3
167,Mitchell Robinson,C,26,NYK,18,4,20.6,1.7,2.8,0.608,0,0,,1.7,2.8,0.608,0.608,1.2,3.1,0.393,3.7,3.3,7.1,0.4,0.9,0.8,0.7,2.1,4.7
168,Ryan Rollins,PG,22,MIL,3,1,10,1.3,4.3,0.308,0.7,2.3,0.286,0.7,2,0.333,0.385,0,0,,0.3,0.3,0.7,1.3,0.3,0,0,1.3,3.3
169,Gui Santos,PF,22,GSW,10,0,7.2,0.9,1.7,0.529,0.4,1,0.4,0.5,0.7,0.714,0.647,0.4,0.6,0.667,0.3,0.9,1.2,0.8,0.3,0.1,0.6,1,2.6
170,Baylor Scheierman,SG,24,BOS,4,0,5.5,0.8,2.5,0.3,0.5,1.3,0.4,0.3,1.3,0.2,0.4,0,0,,0.3,0.8,1,0,0,0,0.3,0.5,2
171,Dennis Schröder,PG,31,DET,6,0,27.3,4.3,8.8,0.491,1.7,3.5,0.476,2.7,5.3,0.5,0.585,2.2,2.7,0.813,0.7,1.7,2.3,3.7,1.2,0.2,1.2,2,12.5
172,Alperen Şengün,C,22,HOU,7,7,36.6,8.4,18.7,0.45,0.4,1.1,0.375,8,17.6,0.455,0.462,3.6,5.7,0.625,3,8.9,11.9,5.3,1.9,0.4,2.1,3.7,20.9
173,Landry Shamet,SG,27,NYK,11,0,7.5,0.8,1.8,0.45,0.6,1.4,0.467,0.2,0.5,0.4,0.625,0.1,0.4,0.25,0,0.4,0.4,0.7,0.1,0,0.4,0.5,2.4
174,Terrence Shannon Jr.,SG,24,MIN,9,0,6.3,1.4,3,0.481,0.3,0.9,0.375,1.1,2.1,0.526,0.537,1.3,1.3,1,0.1,1,1.1,0.3,0.4,0,0.3,1,4.6
175,Ben Sheppard,SG,23,IND,21,0,14,1.1,2.4,0.471,0.7,1.8,0.395,0.4,0.6,0.692,0.618,0.2,0.2,1,0.4,1.5,1.9,0.4,0.4,0,0.5,1.8,3.2
176,Reed Sheppard,PG,20,HOU,3,0,3.3,0,0.7,0,0,0.7,0,0,0,,0,0,0,,0,0.3,0.3,0.3,0.7,0.3,0.3,0.3,0
177,Pascal Siakam,PF,30,IND,23,23,33.5,7.6,14.8,0.513,1.5,3.6,0.427,6.1,11.3,0.541,0.565,3.8,5.3,0.713,1.3,5,6.3,3.4,1.2,0.7,1.3,2.9,20.5
178,Ben Simmons,PG,28,LAC,5,0,8.4,0.4,1.2,0.333,0,0,,0.4,1.2,0.333,0.333,0,0,,0.6,0.8,1.4,0.8,0.2,0.8,0.4,2.2,0.8
179,Jericho Sims,C,26,MIL,5,0,11.6,1.2,1.2,1,0,0,,1.2,1.2,1,1,0.4,0.6,0.667,2.2,1.8,4,0.2,0,0.2,1,1,2.8
180,Jabari Smith Jr.,PF,21,HOU,7,0,20.4,2.4,4.9,0.5,1.4,3.1,0.455,1,1.7,0.583,0.647,1.1,1.4,0.8,1,2.9,3.9,0.6,0.1,0.7,1.4,0.9,7.4
181,Pat Spencer,PG,28,GSW,8,0,7.9,2,3.1,0.64,0.1,0.4,0.333,1.9,2.8,0.682,0.66,0.4,0.4,1,0.6,0.8,1.4,0.8,0.4,0,0.8,1.1,4.5
182,Lamar Stevens,PF,27,MEM,2,0,6,1,4.5,0.222,0,1.5,0,1,3,0.333,0.222,0,0,,0,2,2,0.5,0,0,0.5,0.5,2
183,Isaiah Stewart,C,23,DET,1,0,19,1,2,0.5,0,0,,1,2,0.5,0.5,0,0,,1,4,5,1,0,2,0,5,2
184,Julian Strawther,SG,22,DEN,9,0,9.8,1.4,3.3,0.433,0.7,1.3,0.5,0.8,2,0.389,0.533,0.7,0.8,0.857,0.4,0.6,1,0.2,0.2,0.1,0.6,1.2,4.2
185,Max Strus,SF,28,CLE,9,9,28.1,4.1,9.9,0.416,2.9,7.4,0.388,1.2,2.4,0.5,0.562,0.6,0.7,0.833,1.8,3.9,5.7,3.9,0.7,0.2,0.8,2.6,11.7
186,Jayson Tatum,PF,26,BOS,8,8,40.3,9.3,21.9,0.423,3.6,9.8,0.372,5.6,12.1,0.464,0.506,6,6.8,0.889,1.1,10.4,11.5,5.4,2.1,0.8,3.3,2.6,28.1
187,Amen Thompson,SF,22,HOU,7,7,33,6,12.1,0.494,0.1,0.6,0.25,5.9,11.6,0.506,0.5,3.6,5.1,0.694,2.7,4.1,6.9,3.3,1.7,0.9,1.7,2.6,15.7
188,Ausar Thompson,SF,22,DET,6,6,22.5,4,7,0.571,0,0.3,0,4,6.7,0.6,0.571,3.5,6,0.583,1.3,3.8,5.2,1,1.2,0.8,1.8,4.2,11.5
189,Tristan Thompson,C,33,CLE,3,0,9.7,1,2,0.5,0,0,,1,2,0.5,0.5,0.3,1,0.333,0.7,4.3,5,0.3,0.3,0.7,0.7,0.7,2.3
190,Xavier Tillman Sr.,C,26,BOS,1,0,8,1,4,0.25,0,2,0,1,2,0.5,0.25,0,0,,1,2,3,0,0,0,0,0,2
191,Obi Toppin,PF,26,IND,23,0,19.1,3.6,7.4,0.485,1.1,3.4,0.321,2.5,4,0.624,0.558,1.1,1.6,0.694,0.6,3.3,3.8,1.3,0.7,0.3,1,2,9.4
192,Karl-Anthony Towns,C,29,NYK,18,18,35.5,7.7,15.8,0.488,1.4,4.1,0.351,6.3,11.7,0.536,0.533,4.6,5.4,0.845,2.1,9.5,11.6,1.3,0.7,0.7,2.2,4.3,21.4
193,Gary Trent Jr.,SG,26,MIL,5,3,34.2,6.4,12.4,0.516,4.4,8.8,0.5,2,3.6,0.556,0.694,1.6,2,0.8,0.2,2,2.2,1.2,2.6,0,0.6,1.8,18.8
194,P.J. Tucker,SF,39,NYK,1,0,4,0,0,,0,0,,0,0,,,0,0,,0,0,0,0,0,0,0,1,0
195,Myles Turner,C,28,IND,23,23,29.3,4.6,9.5,0.484,1.3,3.9,0.344,3.3,5.6,0.581,0.555,3.2,4.2,0.771,1.2,3.6,4.8,1.4,0.5,2,1.7,3,13.8
196,Hunter Tyson,PF,24,DEN,5,0,6,1,2,0.5,0.2,1,0.2,0.8,1,0.8,0.55,0.8,0.8,1,0.8,0.8,1.6,0.4,0.2,0,0.2,0.6,3
197,Jaylon Tyson,SG,22,CLE,4,0,7.8,1.8,3.8,0.467,1.3,2.3,0.556,0.5,1.5,0.333,0.633,1.3,1.5,0.833,0.8,1,1.8,1.8,0.5,0.3,0.5,1,6
198,Jarred Vanderbilt,PF,25,LAL,5,0,12,0.4,1.2,0.333,0,0.2,0,0.4,1,0.4,0.333,0.6,0.8,0.75,0.8,3,3.8,1,0.6,0.2,0.6,1.8,1.4
199,Fred VanVleet,PG,30,HOU,7,7,40,5.7,13.3,0.43,3.9,8.9,0.435,1.9,4.4,0.419,0.575,3.4,3.4,1,0.4,3.7,4.1,4.4,1,0.3,1.9,2.3,18.7
200,Gabe Vincent,PG,28,LAL,5,0,19.8,1,2.8,0.357,0.8,2.6,0.308,0.2,0.2,1,0.5,0,0,,0,1,1,1,0.2,0.4,0.2,1.6,2.8
201,Dean Wade,PF,28,CLE,9,1,15.8,0.7,2,0.333,0.3,1.6,0.214,0.3,0.4,0.75,0.417,0,0,,1.1,3.1,4.2,0.7,0.3,0.1,0.3,1.1,1.7
202,Franz Wagner,SF,23,ORL,5,5,39,10.2,23,0.443,1.4,7.4,0.189,8.8,15.6,0.564,0.474,4,5.2,0.769,0.6,4.2,4.8,5.6,1.2,0.4,2,3.2,25.8
203,Jarace Walker,PF,21,IND,12,0,9.8,1.1,2.8,0.382,0.7,1.7,0.4,0.4,1.2,0.357,0.5,0.2,0.3,0.5,0.2,1.6,1.8,0.7,0.2,0.2,0.6,0.8,3
204,Cason Wallace,SG,21,OKC,23,3,22.4,2.2,5.2,0.429,0.9,2.7,0.323,1.3,2.5,0.544,0.513,0.3,0.4,0.667,1,1.7,2.7,2.1,1.4,0.4,0.7,2.2,5.6
205,Jordan Walsh,PF,20,BOS,5,0,3,0,0.2,0,0,0.2,0,0,0,,0,0,0,,0,0.2,0.2,0.2,0,0,0,0,0
206,Kel'el Ware,C,20,MIA,4,4,18.3,2,4.5,0.444,0.8,2.8,0.273,1.3,1.8,0.714,0.528,0,0,,1,3.8,4.8,1,0.3,0.5,0.5,0.8,4.8
207,Peyton Watson,SF,22,DEN,14,0,14.2,1.7,4.2,0.407,0.5,1.4,0.368,1.2,2.9,0.425,0.466,0.6,1.1,0.5,1,1.9,2.9,0.3,0.8,0.6,0.6,1.5,4.5
208,Russell Westbrook,PG,36,DEN,13,0,24.1,4,10.2,0.391,1.5,4.8,0.317,2.5,5.4,0.457,0.466,2.2,3.1,0.7,1.5,2.2,3.7,2.6,0.9,0.1,2.3,3.2,11.7
209,Derrick White,SG,30,BOS,11,11,37.7,6.2,13.4,0.463,3.6,9.5,0.385,2.5,3.9,0.651,0.599,2.8,3.3,0.861,1.3,3.8,5.1,3.5,0.6,1.1,1.2,2,18.8
210,Cam Whitmore,SF,20,HOU,3,0,1.7,0,0.7,0,0,0.3,0,0,0.3,0,0,0,0,,0,0.3,0.3,0,0,0,0,0,0
211,Aaron Wiggins,SG,26,OKC,22,0,13.8,2.1,5.4,0.395,1.1,3.1,0.362,1,2.3,0.44,0.5,0.6,0.8,0.765,0.6,1.6,2.3,0.9,0.5,0.3,0.8,1,6
212,Andrew Wiggins,SF,29,MIA,4,4,30.5,4,10.8,0.372,1.8,5,0.35,2.3,5.8,0.391,0.453,1.8,2.5,0.7,1,2.3,3.3,2.3,0.3,1.3,2.8,1.5,11.5
213,Jalen Williams,SG,23,OKC,23,23,34.6,7.7,17.2,0.449,1.5,5,0.304,6.2,12.2,0.509,0.494,4.4,5.6,0.789,1,4.5,5.5,4.8,1.4,0.4,1.8,2.2,21.4
214,Jaylin Williams,PF,22,OKC,17,0,8.3,0.9,2.1,0.429,0.5,1.5,0.36,0.4,0.6,0.6,0.557,0.4,0.6,0.545,0.2,1.6,1.9,1,0.5,0.1,0.7,1.8,2.6
215,Kenrich Williams,PF,30,OKC,16,0,8.6,1,2.5,0.4,0.3,1.3,0.2,0.8,1.3,0.6,0.45,0.2,0.4,0.5,0.5,1.7,2.2,0.4,0.4,0.1,0.4,0.4,2.4
216,Nate Williams,SG,25,HOU,3,0,1.7,0,0.3,0,0,0.3,0,0,0,,0,0,0,,0,0,0,0,0,0,0.3,0.3,0
217,Vince Williams Jr.,SG,24,MEM,3,0,12.7,1.3,2.3,0.571,1.3,2.3,0.571,0,0,,0.857,0.7,0.7,1,0.3,2,2.3,1.3,0.7,0.3,1,1,4.7
218,Delon Wright,PG,32,NYK,6,0,8,0.3,1.5,0.222,0.2,1,0.167,0.2,0.5,0.333,0.278,0.3,0.3,1,0.2,0.2,0.3,0.8,0.5,0.2,0.2,0,1.2
219,Ivica Zubac,C,27,LAC,7,7,36.6,7.7,11.7,0.659,0,0,,7.7,11.7,0.659,0.659,2,3.7,0.538,3.9,6.3,10.1,2.3,0.7,1,1.6,2.7,17.4
